Município de ocorrência;Total
110040 Alto Paraíso;1
110002 Ariquemes;4
110045 Buritis;1
110080 Candeias do Jamari;24
110094 Cujubim;2
110010 Guajará-Mirim;5
110110 Itapuã do Oeste;5
110011 Jaru;1
110012 Ji-Paraná;1
110013 Machadinho D'Oeste;1
110140 Monte Negro;1
110033 Nova Mamoré;7
110050 Novo Horizonte do Oeste;1
110015 Ouro Preto do Oeste;3
110018 Pimenta Bueno;1
110020 Porto Velho;900
110025 Presidente Médici;1
110028 Rolim de Moura;3
110160 Theobroma;1
120001 Acrelândia;18
120005 Assis Brasil;3
120010 Brasiléia;12
120013 Bujari;16
120017 Capixaba;13
120025 Epitaciolândia;1
120030 Feijó;9
120032 Jordão;2
120034 Manoel Urbano;7
120038 Plácido de Castro;29
120080 Porto Acre;43
120040 Rio Branco;1160
120043 Santa Rosa do Purus;3
120050 Sena Madureira;27
120045 Senador Guiomard;28
120060 Tarauacá;1
120070 Xapuri;8
130040 Barcelos;1
130050 Barreirinha;1
130070 Boca do Acre;11
130110 Careiro;1
130170 Humaitá;7
130195 Itamarati;1
130240 Lábrea;1
130260 Manaus;1
130350 Pauini;5
130353 Presidente Figueiredo;1
140005 Alto Alegre;31
140002 Amajari;19
140010 Boa Vista;1567
140015 Bonfim;22
140017 Cantá;55
140020 Caracaraí;7
140023 Caroebe;4
140028 Iracema;3
140030 Mucajaí;16
140040 Normandia;7
140045 Pacaraima;4
140047 Rorainópolis;6
140050 São João da Baliza;4
140060 São Luiz;2
140070 Uiramutã;9
150010 Abaetetuba;26
150020 Acará;56
150030 Afuá;28
150034 Água Azul do Norte;2
150050 Almeirim;3
150070 Anajás;4
150080 Ananindeua;1078
150090 Augusto Corrêa;4
150095 Aurora do Pará;7
150110 Bagre;1
150120 Baião;2
150130 Barcarena;66
150140 Belém;3645
150150 Benevides;30
150160 Bonito;4
150170 Bragança;12
150180 Breves;16
150190 Bujaru;14
150200 Cachoeira do Arari;3
150195 Cachoeira do Piriá;4
150210 Cametá;4
150220 Capanema;16
150230 Capitão Poço;8
150240 Castanhal;42
150250 Chaves;14
150260 Colares;3
150275 Concórdia do Pará;8
150280 Curralinho;2
150285 Curuá;2
150290 Curuçá;17
150295 Eldorado dos Carajás;1
150307 Garrafão do Norte;8
150320 Igarapé-Açu;11
150330 Igarapé-Miri;11
150340 Inhangapi;2
150345 Ipixuna do Pará;8
150350 Irituia;10
150360 Itaituba;1
150405 Mãe do Rio;13
150410 Magalhães Barata;1
150420 Marabá;2
150430 Maracanã;4
150440 Marapanim;9
150442 Marituba;67
150450 Melgaço;4
150460 Mocajuba;3
150470 Moju;26
150480 Monte Alegre;1
150490 Muaná;4
150495 Nova Esperança do Piriá;3
150500 Nova Timboteua;2
150520 Oeiras do Pará;5
150540 Ourém;6
150550 Paragominas;2
150553 Parauapebas;2
150555 Pau D'Arco;1
150560 Peixe-Boi;1
150570 Ponta de Pedras;5
150580 Portel;3
150590 Porto de Moz;1
150610 Primavera;1
150611 Quatipuru;2
150620 Salinópolis;10
150630 Salvaterra;8
150635 Santa Bárbara do Pará;9
150640 Santa Cruz do Arari;1
150650 Santa Isabel do Pará;18
150655 Santa Luzia do Pará;3
150660 Santa Maria do Pará;5
150680 Santarém;1
150700 Santo Antônio do Tauá;21
150710 São Caetano de Odivelas;4
150720 São Domingos do Capim;8
150740 São Francisco do Pará;2
150747 São João de Pirabas;3
150760 São Miguel do Guamá;16
150770 São Sebastião da Boa Vista;3
150790 Soure;9
150795 Tailândia;18
150796 Terra Alta;5
150800 Tomé-Açu;9
150803 Tracuateua;4
150810 Tucuruí;2
150812 Ulianópolis;8
150820 Vigia;25
150830 Viseu;3
150840 Xinguara;1
160010 Amapá;11
160020 Calçoene;3
160021 Cutias;10
160023 Ferreira Gomes;15
160025 Itaubal;7
160027 Laranjal do Jari;14
160030 Macapá;2629
160040 Mazagão;35
160050 Oiapoque;13
160015 Pedra Branca do Amapari;21
160053 Porto Grande;40
160055 Pracuúba;3
160060 Santana;52
160005 Serra do Navio;5
160070 Tartarugalzinho;12
170040 Almas;1
170070 Alvorada;1
170110 Aparecida do Rio Negro;7
170210 Araguaína;1
170310 Barrolândia;1
170330 Bom Jesus do Tocantins;1
170390 Caseara;1
170460 Chapada de Areia;1
171670 Colméia;2
170560 Conceição do Tocantins;1
170610 Cristalândia;4
170700 Dianópolis;9
170710 Divinópolis do Tocantins;2
170720 Dois Irmãos do Tocantins;3
170755 Fátima;1
170820 Formoso do Araguaia;1
170930 Guaraí;2
171050 Itacajá;1
171195 Lagoa do Tocantins;5
171200 Lajeado;13
171215 Lavandeira;1
171250 Marianópolis do Tocantins;5
171320 Miracema do Tocantins;4
171360 Monte do Carmo;2
171510 Novo Acordo;1
172100 Palmas;1198
171575 Palmeirópolis;1
171610 Paraíso do Tocantins;6
171620 Paranã;2
171650 Pedro Afonso;4
171750 Pium;2
171790 Ponte Alta do Tocantins;3
171820 Porto Nacional;30
171840 Presidente Kennedy;1
171888 Santa Maria do Tocantins;2
171890 Santa Rosa do Tocantins;2
171900 Santa Tereza do Tocantins;2
172015 São Félix do Tocantins;2
172065 Silvanópolis;1
172093 Taipas do Tocantins;1
172125 Tupirama;1
210005 Açailândia;1
210070 Anajatuba;5
210100 Arari;4
210110 Axixá;2
210120 Bacabal;3
210125 Bacabeira;7
210170 Barreirinhas;6
210190 Bequimão;2
210210 Brejo;7
210220 Buriti;1
210232 Buriticupu;1
210250 Cajari;1
210260 Cândido Mendes;1
210270 Cantanhede;1
210300 Caxias;3
210310 Cedral;1
210320 Chapadinha;3
210330 Codó;2
210340 Coelho Neto;1
210355 Conceição do Lago-Açu;2
210370 Cururupu;1
210500 Humberto de Campos;4
210510 Icatu;3
210530 Imperatriz;3
210540 Itapecuru Mirim;4
210590 Lago Verde;2
210630 Magalhães de Almeida;1
210637 Maranhãozinho;1
210650 Matinha;1
210660 Matões;4
210675 Miranda do Norte;3
210680 Mirinzal;1
210690 Monção;1
210710 Morros;5
210740 Olho d'Água das Cunhãs;1
210745 Olinda Nova do Maranhão;2
210750 Paço do Lumiar;59
210780 Parnarama;8
210800 Pastos Bons;1
210820 Pedreiras;2
210830 Penalva;1
210840 Peri Mirim;2
210860 Pinheiro;4
210870 Pio XII;1
210910 Presidente Dutra;1
210920 Presidente Juscelino;2
210927 Presidente Sarney;1
210930 Presidente Vargas;2
210945 Raposa;10
210960 Rosário;7
210990 Santa Inês;5
211000 Santa Luzia;1
211020 Santa Rita;1
211050 São Bento;1
211070 São Domingos do Maranhão;1
211100 São João Batista;1
211110 São João dos Patos;1
211120 São José de Ribamar;84
211130 São Luís;1275
211140 São Luís Gonzaga do Maranhão;1
211178 Serrano do Maranhão;1
211210 Timbiras;1
211220 Timon;55
211227 Tufilândia;2
211230 Tuntum;1
211240 Turiaçu;1
211260 Urbano Santos;1
211270 Vargem Grande;5
211280 Viana;7
211285 Vila Nova dos Martírios;1
211290 Vitória do Mearim;4
211400 Zé Doca;1
220005 Acauã;1
220010 Agricolândia;1
220020 Água Branca;8
220030 Alto Longá;1
220040 Altos;25
220045 Alvorada do Gurguéia;1
220050 Amarante;5
220060 Angical do Piauí;2
220070 Anísio de Abreu;1
220090 Aroazes;1
220105 Assunção do Piauí;2
220115 Baixa Grande do Ribeiro;1
220120 Barras;9
220150 Batalha;3
220160 Beneditinos;4
220173 Betânia do Piauí;2
220180 Bocaina;1
220192 Bonfim do Piauí;1
220194 Boqueirão do Piauí;3
220205 Cabeceiras do Piauí;2
220209 Caldeirão Grande do Piauí;1
220213 Campo Grande do Piauí;4
220217 Campo Largo do Piauí;2
220220 Campo Maior;19
220230 Canto do Buriti;1
220240 Capitão de Campos;6
220245 Capitão Gervásio Oliveira;1
220260 Castelo do Piauí;3
220270 Cocal;1
220273 Coivaras;1
220275 Colônia do Gurguéia;2
220280 Conceição do Canindé;1
220285 Coronel José Dias;1
220300 Cristalândia do Piauí;2
220320 Curimatá;2
220325 Curralinhos;4
220330 Demerval Lobão;10
220350 Elesbão Veloso;2
220360 Eliseu Martins;1
220370 Esperantina;2
220390 Floriano;1
220400 Francinópolis;1
220430 Fronteiras;1
220470 Inhuma;2
220500 Itainópolis;2
220510 Itaueira;2
220525 Jardim do Mulato;4
220527 Jatobá do Piauí;2
220530 Jerumenha;1
220545 Joca Marques;1
220550 José de Freitas;14
220551 Juazeiro do Piauí;1
220555 Lagoa Alegre;1
220557 Lagoa de São Francisco;2
220558 Lagoa do Piauí;1
220580 Luzilândia;1
220590 Manoel Emídio;1
220595 Marcolândia;1
220610 Matias Olímpio;1
220620 Miguel Alves;5
220630 Miguel Leão;1
220640 Monsenhor Gil;5
220667 Morro do Chapéu do Piauí;2
220670 Nazaré do Piauí;1
220672 Nazária;11
220680 Nossa Senhora dos Remédios;1
220690 Novo Oriente do Piauí;1
220700 Oeiras;1
220720 Padre Marcos;1
220735 Pajeú do Piauí;1
220750 Palmeirais;2
220770 Parnaíba;1
220779 Pau D'Arco do Piauí;2
220780 Paulistana;1
220790 Pedro II;3
220800 Picos;3
220810 Pimenteiras;4
220830 Piracuruca;2
220840 Piripiri;9
220850 Porto;1
220855 Porto Alegre do Piauí;1
220860 Prata do Piauí;2
220880 Regeneração;4
220900 Rio Grande do Piauí;1
220915 Santa Cruz dos Milagres;3
220940 Santo Antônio de Lisboa;1
220960 São Félix do Piauí;3
220970 São Francisco do Piauí;1
220980 São Gonçalo do Piauí;1
220990 São João da Serra;1
220997 São João do Arraial;1
221000 São João do Piauí;3
221038 São Miguel da Baixa Grande;3
221039 São Miguel do Fidalgo;1
221040 São Miguel do Tapuio;3
221050 São Pedro do Piauí;3
221060 São Raimundo Nonato;4
221062 Sebastião Barros;1
221065 Sigefredo Pacheco;4
221080 Simplício Mendes;1
221090 Socorro do Piauí;1
221100 Teresina;1452
221110 União;18
221130 Valença do Piauí;2
221140 Várzea Grande;1
221170 Wall Ferraz;1
230015 Acarape;6
230020 Acaraú;31
230030 Acopiara;2
230050 Alcântaras;27
230075 Amontada;2
230090 Apuiarés;2
230100 Aquiraz;14
230110 Aracati;4
230120 Aracoiaba;5
230140 Aratuba;1
230150 Arneiroz;3
230185 Banabuiú;1
230195 Barreira;7
230210 Baturité;7
230220 Beberibe;7
230230 Bela Cruz;16
230240 Boa Viagem;4
230260 Camocim;18
230270 Campos Sales;1
230280 Canindé;12
230290 Capistrano;1
230300 Caridade;3
230310 Cariré;28
230340 Carnaubal;4
230350 Cascavel;11
230360 Catarina;1
230365 Catunda;7
230370 Caucaia;81
230380 Cedro;1
230390 Chaval;6
230395 Chorozinho;3
230400 Coreaú;41
230410 Crateús;11
230420 Crato;1
230423 Croatá;5
230425 Cruz;23
230428 Eusébio;9
230435 Forquilha;63
230440 Fortaleza;2241
230445 Fortim;1
230450 Frecheirinha;30
230460 General Sampaio;2
230465 Graça;18
230470 Granja;17
230490 Groaíras;25
230495 Guaiúba;5
230500 Guaraciaba do Norte;8
230510 Guaramiranga;3
230520 Hidrolândia;6
230523 Horizonte;15
230530 Ibiapina;7
230540 Icó;3
230550 Iguatu;3
230560 Independência;3
230580 Ipu;6
230590 Ipueiras;9
230600 Iracema;1
230610 Irauçuba;26
230620 Itaiçaba;1
230625 Itaitinga;7
230630 Itapagé;8
230640 Itapipoca;10
230650 Itapiúna;1
230655 Itarema;32
230660 Itatira;2
230670 Jaguaretama;1
230680 Jaguaribara;2
230690 Jaguaribe;6
230700 Jaguaruana;1
230725 Jijoca de Jericoacoara;12
230730 Juazeiro do Norte;1
230740 Jucás;2
230750 Lavras da Mangabeira;1
230760 Limoeiro do Norte;7
230763 Madalena;1
230765 Maracanaú;64
230770 Maranguape;27
230780 Marco;16
230790 Martinópole;10
230800 Massapê;67
230820 Meruoca;30
230835 Milhã;1
230850 Mombaça;1
230860 Monsenhor Tabosa;5
230870 Morada Nova;7
230880 Moraújo;8
230890 Morrinhos;19
230900 Mucambo;18
230910 Mulungu;4
230930 Nova Russas;5
230940 Novo Oriente;5
230945 Ocara;9
230960 Pacajus;18
230970 Pacatuba;8
230980 Pacoti;6
230990 Pacujá;9
231020 Paracuru;5
231025 Paraipaba;4
231030 Parambu;2
231050 Pedra Branca;2
231070 Pentecoste;3
231080 Pereiro;1
231085 Pindoretama;4
231090 Piquet Carneiro;1
231095 Pires Ferreira;2
231126 Quiterianópolis;6
231130 Quixadá;8
231135 Quixelô;1
231140 Quixeramobim;7
231150 Quixeré;2
231160 Redenção;2
231170 Reriutaba;9
231180 Russas;6
231190 Saboeiro;1
231220 Santa Quitéria;13
231200 Santana do Acaraú;39
231210 Santana do Cariri;1
231230 São Benedito;6
231240 São Gonçalo do Amarante;5
231250 São João do Jaguaribe;1
231270 Senador Pompeu;3
231280 Senador Sá;15
231290 Sobral;953
231300 Solonópole;2
231310 Tabuleiro do Norte;3
231320 Tamboril;6
231330 Tauá;3
231335 Tejuçuoca;1
231340 Tianguá;15
231350 Trairi;6
231360 Ubajara;7
231375 Umirim;4
231380 Uruburetama;1
231390 Uruoca;15
231395 Varjota;19
231410 Viçosa do Ceará;10
240010 Acari;1
240050 Alexandria;2
240080 Angicos;2
240090 Antônio Martins;1
240110 Areia Branca;1
240120 Arês;2
240130 Augusto Severo;1
240140 Baía Formosa;8
240150 Barcelona;2
240160 Bento Fernandes;1
240165 Bodó;1
240170 Bom Jesus;2
240180 Brejinho;3
240185 Caiçara do Norte;2
240190 Caiçara do Rio do Vento;3
240200 Caicó;3
240210 Campo Redondo;3
240220 Canguaretama;6
240240 Carnaúba dos Dantas;4
240250 Carnaubais;1
240260 Ceará-Mirim;42
240280 Coronel Ezequiel;4
240300 Cruzeta;3
240310 Currais Novos;8
240350 Espírito Santo;2
240360 Extremoz;45
240375 Fernando Pedroza;1
240410 Galinhos;1
240420 Goianinha;3
240440 Grossos;1
240450 Guamaré;6
240460 Ielmo Marinho;9
240470 Ipanguaçu;1
240500 Jaçanã;1
240510 Jandaíra;1
240540 Japi;1
240570 Jardim do Seridó;1
240580 João Câmara;16
240610 Jucurutu;4
240615 Jundiá;2
240620 Lagoa d'Anta;4
240630 Lagoa de Pedras;1
240640 Lagoa de Velhos;3
240650 Lagoa Nova;2
240660 Lagoa Salgada;4
240680 Lajes Pintadas;1
240710 Macaíba;24
240720 Macau;8
240750 Maxaranguape;15
240770 Montanhas;2
240780 Monte Alegre;5
240800 Mossoró;1
240810 Natal;877
240820 Nísia Floresta;5
240830 Nova Cruz;9
240880 Parazinho;1
240890 Parelhas;1
240325 Parnamirim;66
240910 Passa e Fica;1
240920 Passagem;1
240940 Pau dos Ferros;1
240970 Pedro Avelino;1
240980 Pedro Velho;4
240990 Pendências;1
241010 Poço Branco;6
241030 Serra Caiada (Presidente Juscelino);2
241040 Pureza;12
241090 Riachuelo;2
240895 Rio do Fogo;5
241120 Santa Cruz;4
240933 Santa Maria;3
241140 Santana do Matos;1
241150 Santo Antônio;5
241200 São Gonçalo do Amarante;58
241220 São José de Mipibu;15
241230 São José do Campestre;2
241250 São Miguel;4
241260 São Paulo do Potengi;4
241270 São Pedro;1
241280 São Rafael;1
241290 São Tomé;5
241300 São Vicente;2
241320 Senador Georgino Avelino;2
241330 Serra de São Bento;2
241335 Serra do Mel;2
241350 Serrinha;5
241370 Sítio Novo;1
241390 Taipu;9
241400 Tangará;6
241420 Tibau do Sul;3
241430 Timbaúba dos Batistas;1
241440 Touros;21
241450 Umarizal;1
241480 Vera Cruz;5
250010 Água Branca;1
250050 Alagoinha;3
250060 Alhandra;10
250080 Araçagi;1
250100 Araruna;2
250110 Areia;2
250130 Aroeiras;1
250140 Baía da Traição;5
250150 Bananeiras;1
250180 Bayeux;97
250190 Belém;2
250215 Boa Vista;2
250300 Caaporã;12
250320 Cabedelo;53
250360 Caiçara;2
250370 Cajazeiras;2
250380 Caldas Brandão;6
250400 Campina Grande;2
250403 Capim;5
250440 Conceição;1
250460 Conde;41
250490 Cruz do Espírito Santo;11
250510 Cuité;2
250523 Cuité de Mamanguape;3
250527 Curral de Cima;3
250570 Dona Inês;1
250630 Guarabira;8
250640 Gurinhém;5
250690 Itabaiana;12
250700 Itaporanga;1
250710 Itapororoca;9
250730 Jacaraú;5
250750 João Pessoa;1329
250790 Juripiranga;7
250800 Juru;1
250820 Lagoa de Dentro;1
250860 Lucena;12
250890 Mamanguape;25
250905 Marcação;5
250910 Mari;9
250920 Massaranduba;1
250930 Mataraca;20
250980 Mulungu;1
250990 Natuba;1
251080 Patos;1
251090 Paulista;3
251120 Pedras de Fogo;8
251272 Pedro Régis;4
251150 Pilar;6
251160 Pilões;3
251170 Pilõezinhos;1
251180 Pirpirituba;4
251190 Pitimbu;18
251210 Pombal;2
251276 Riachão do Poço;2
251290 Rio Tinto;15
251310 Salgado de São Félix;5
251315 Santa Cecília;1
251340 Santa Luzia;1
251370 Santa Rita;99
251385 Santo André;1
251390 São Bento;1
251400 São João do Cariri;1
251445 São José dos Ramos;2
251500 São Miguel de Taipu;6
251530 Sapé;28
251560 Serra da Raiz;2
251590 Serraria;2
251593 Sertãozinho;1
251597 Sobrado;5
251620 Sousa;2
251710 Várzea;1
260005 Abreu e Lima;97
260040 Água Preta;2
260050 Águas Belas;1
260070 Aliança;4
260105 Araçoiaba;6
260110 Araripina;1
260170 Belo Jardim;1
260190 Bezerros;3
260210 Bom Conselho;1
260220 Bom Jardim;2
260230 Bonito;1
260290 Cabo de Santo Agostinho;76
260310 Cachoeirinha;1
260320 Caetés;1
260345 Camaragibe;22
260360 Camutanga;1
260380 Capoeiras;1
260400 Carpina;6
260410 Caruaru;7
260450 Chã Grande;4
260480 Cortês;1
260500 Cupira;1
260510 Custódia;3
260520 Escada;11
260540 Feira Nova;2
260550 Ferreiros;2
260580 Frei Miguelinho;1
260590 Gameleira;4
260600 Garanhuns;5
260610 Glória do Goitá;8
260620 Goiana;10
260640 Gravatá;6
260650 Iati;2
260660 Ibimirim;1
260680 Igarassu;33
260760 Ilha de Itamaracá;12
260720 Ipojuca;15
260765 Itambé;5
260775 Itapissuma;8
260780 Itaquitinga;1
260790 Jaboatão dos Guararapes;1297
260810 João Alfredo;1
260850 Lagoa de Itaenga;2
260845 Lagoa do Carro;1
260875 Lagoa Grande;1
260890 Limoeiro;4
260900 Macaparana;1
260940 Moreno;55
260950 Nazaré da Mata;4
260960 Olinda;2105
260970 Orobó;2
261000 Palmares;4
261050 Passira;2
261060 Paudalho;3
261070 Paulista;746
261090 Pesqueira;4
261120 Poção;2
261130 Pombos;2
261140 Primavera;3
261160 Recife;1060
261180 Ribeirão;4
261190 Rio Formoso;4
261245 Santa Cruz;1
261250 Santa Cruz do Capibaribe;2
261300 São Bento do Una;1
261310 São Caitano;1
261370 São Lourenço da Mata;16
261380 São Vicente Ferrer;4
261390 Serra Talhada;1
261420 Sirinhaém;5
261450 Surubim;3
261485 Tamandaré;3
261530 Timbaúba;12
261580 Tupanatinga;1
261600 Venturosa;1
261630 Vicência;2
261640 Vitória de Santo Antão;16
261650 Xexéu;1
270020 Anadia;1
270040 Atalaia;3
270050 Barra de Santo Antônio;2
270060 Barra de São Miguel;2
270100 Boca da Mata;9
270110 Branquinha;2
270130 Cajueiro;3
270135 Campestre;1
270150 Campo Grande;1
270170 Capela;1
270190 Chã Preta;1
270210 Colônia Leopoldina;2
270220 Coqueiro Seco;3
270230 Coruripe;2
270280 Flexeiras;3
270300 Ibateguara;3
270360 Japaratinga;3
270380 Joaquim Gomes;4
270430 Maceió;592
270490 Mar Vermelho;3
270450 Maragogi;6
270470 Marechal Deodoro;32
270510 Matriz de Camaragibe;4
270520 Messias;7
270550 Murici;7
270560 Novo Lino;2
270644 Paripueira;1
270650 Passo de Camaragibe;3
270660 Paulo Jacinto;1
270670 Penedo;1
270690 Pilar;12
270730 Porto Calvo;2
270740 Porto de Pedras;3
270770 Rio Largo;25
270780 Roteiro;2
270790 Santa Luzia do Norte;9
270800 Santana do Ipanema;1
270810 Santana do Mundaú;1
270820 São Brás;1
270830 São José da Laje;2
270850 São Luís do Quitunde;6
270860 São Miguel dos Campos;8
270870 São Miguel dos Milagres;1
270890 Satuba;10
270930 União dos Palmares;3
270940 Viçosa;2
280020 Aquidabã;13
280030 Aracaju;1103
280040 Arauá;2
280050 Areia Branca;6
280060 Barra dos Coqueiros;27
280067 Boquim;3
280070 Brejo Grande;3
280100 Campo do Brito;2
280110 Canhoba;1
280120 Canindé de São Francisco;3
280130 Capela;14
280150 Carmópolis;11
280170 Cristinápolis;3
280190 Cumbe;1
280200 Divina Pastora;3
280210 Estância;15
280220 Feira Nova;2
280230 Frei Paulo;7
280240 Gararu;2
280260 Gracho Cardoso;1
280270 Ilha das Flores;2
280290 Itabaiana;21
280300 Itabaianinha;14
280320 Itaporanga d'Ajuda;21
280330 Japaratuba;11
280340 Japoatã;2
280350 Lagarto;10
280360 Laranjeiras;26
280380 Malhada dos Bois;1
280390 Malhador;1
280400 Maruim;16
280410 Moita Bonita;1
280420 Monte Alegre de Sergipe;2
280430 Muribeca;3
280440 Neópolis;3
280445 Nossa Senhora Aparecida;2
280450 Nossa Senhora da Glória;4
280460 Nossa Senhora das Dores;9
280480 Nossa Senhora do Socorro;224
280490 Pacatuba;2
280530 Pirambu;5
280540 Poço Redondo;2
280550 Poço Verde;7
280560 Porto da Folha;3
280570 Propriá;9
280580 Riachão do Dantas;3
280590 Riachuelo;3
280600 Ribeirópolis;3
280610 Rosário do Catete;2
280620 Salgado;5
280630 Santa Luzia do Itanhy;3
280650 Santa Rosa de Lima;2
280660 Santo Amaro das Brotas;10
280670 São Cristóvão;113
280680 São Domingos;3
280690 São Francisco;1
280710 Simão Dias;8
280720 Siriri;4
280730 Telha;1
280740 Tobias Barreto;2
280750 Tomar do Geru;6
280760 Umbaúba;9
290020 Abaré;1
290035 Adustina;5
290080 Alcobaça;1
290100 Amargosa;2
290110 Amélia Rodrigues;3
290115 América Dourada;1
290160 Antas;1
290210 Araci;2
290260 Baixa Grande;1
290265 Banzaê;1
290270 Barra;2
290327 Barrocas;2
290405 Bonito;1
290490 Cachoeira;2
290520 Caetité;1
290570 Camaçari;8
290650 Candeias;2
290680 Cansanção;1
290687 Capim Grosso;1
290750 Catu;1
290820 Conceição da Feira;1
290840 Conceição do Coité;2
290850 Conceição do Jacuípe;2
290920 Coronel João Sá;5
290930 Correntina;1
290960 Crisópolis;1
291005 Dias d'Ávila;5
291070 Euclides da Cunha;1
291075 Fátima;2
291080 Feira de Santana;2
291140 Glória;1
291160 Governador Mangabeira;1
291170 Guanambi;1
291440 Iraquara;1
291610 Itaparica;1
291650 Itapicuru;2
291750 Jacobina;2
291780 Jaguaripe;1
291810 Jeremoabo;1
291820 Jiquiriçá;2
291920 Lauro de Freitas;18
291990 Macururé;1
292010 Mairi;1
292100 Mata de São João;2
292120 Miguel Calmon;2
292150 Monte Santo;1
292230 Muritiba;1
292265 Nordestina;1
292300 Nova Viçosa;1
292303 Novo Horizonte;1
292310 Olindina;1
292380 Paripiranga;2
292400 Paulo Afonso;2
292420 Pedro Alexandre;2
292520 Pojuca;1
292580 Queimadas;1
292595 Rafael Jambeiro;1
292650 Ribeira do Amparo;1
292660 Ribeira do Pombal;1
292700 Rio Real;8
292740 Salvador;839
292750 Santa Bárbara;1
292760 Santa Brígida;1
292805 Santa Luzia;1
292860 Santo Amaro;2
292910 São Felipe;1
292950 São Sebastião do Passé;2
292980 Saúde;1
293050 Serrinha;1
293070 Simões Filho;16
293076 Sítio do Quinto;1
293245 Umburanas;1
293290 Valença;3
293300 Valente;3
293305 Várzea da Roça;1
293320 Vera Cruz;2
310010 Abadia dos Dourados;1
310020 Abaeté;1
310030 Abre Campo;2
310060 Água Boa;1
310400 Araxá;1
310450 Arinos;1
310500 Baldim;1
310620 Belo Horizonte;1089
310630 Belo Oriente;1
310670 Betim;13
310900 Brumadinho;1
310940 Buritizeiro;1
311000 Caeté;1
311060 Cambuí;1
311530 Cataguases;1
311800 Congonhas;1
311860 Contagem;47
311910 Corinto;1
311940 Coronel Fabriciano;1
312090 Curvelo;1
312220 Divinolândia de Minas;1
312410 Esmeraldas;4
312570 Felixlândia;1
312620 Formoso;1
312700 Fronteira;3
312980 Ibirité;4
313010 Igarapé;2
313090 Inhapim;1
313190 Itabirito;4
313240 Itajubá;1
313460 Jaboticatubas;1
313490 Jacutinga;1
313657 Josenópolis;1
313665 Juatuba;2
313760 Lagoa Santa;15
313960 Mantena;1
314110 Matozinhos;1
314180 Minas Novas;1
314340 Monte Sião;1
314380 Munhoz;1
314480 Nova Lima;7
313660 Nova União;1
314590 Ouro Branco;1
314610 Ouro Preto;1
314710 Pará de Minas;1
314700 Paracatu;2
314890 Pedra do Indaiá;1
314930 Pedro Leopoldo;10
315320 Presidente Juscelino;1
315390 Raposos;2
315460 Ribeirão das Neves;42
315470 Ribeirão Vermelho;1
315480 Rio Acima;1
315670 Sabará;35
315700 Salinas;1
315780 Santa Luzia;38
315900 Santana do Riacho;5
316165 São Geraldo do Baixio;1
316190 São Gonçalo do Rio Abaixo;1
316295 São José da Lapa;6
316430 São Roque de Minas;1
316720 Sete Lagoas;2
317010 Uberaba;1
317040 Unaí;6
317120 Vespasiano;39
320010 Afonso Cláudio;6
320030 Alfredo Chaves;6
320060 Aracruz;6
320080 Baixo Guandu;1
320090 Barra de São Francisco;2
320115 Brejetuba;3
320130 Cariacica;350
320140 Castelo;5
320150 Colatina;3
320170 Conceição do Castelo;5
320190 Domingos Martins;17
320220 Fundão;9
320240 Guarapari;16
320245 Ibatiba;3
320260 Iconha;1
320280 Itapemirim;1
320290 Itarana;2
320300 Iúna;1
320305 Jaguaré;1
320313 João Neiva;3
320316 Laranja da Terra;1
320320 Linhares;2
320334 Marechal Floriano;18
320370 Muniz Freire;1
320420 Piúma;2
320450 Santa Leopoldina;6
320455 Santa Maria de Jetibá;14
320460 Santa Teresa;2
320470 São Gabriel da Palha;1
320500 Serra;397
320501 Sooretama;1
320506 Venda Nova do Imigrante;6
320510 Viana;88
320517 Vila Valério;2
320520 Vila Velha;134
320530 Vitória;776
330010 Angra dos Reis;1
330045 Belford Roxo;7
330170 Duque de Caxias;20
330200 Itaguaí;2
330227 Japeri;4
330285 Mesquita;6
330320 Nilópolis;8
330330 Niterói;6
330350 Nova Iguaçu;41
330390 Petrópolis;1
330414 Queimados;3
330455 Rio de Janeiro;1992
330490 São Gonçalo;6
330510 São João de Meriti;9
330555 Seropédica;4
330560 Silva Jardim;1
350020 Adolfo;1
350050 Águas de Lindóia;1
350100 Altinópolis;4
350160 Americana;3
350200 Analândia;1
350250 Aparecida;1
350280 Araçatuba;2
350320 Araraquara;1
350390 Arujá;1
350410 Atibaia;8
350420 Auriflama;2
350460 Bady Bassitt;15
350480 Bálsamo;8
350550 Barretos;2
350560 Barrinha;2
350600 Bauru;1
350780 Brodowski;2
350810 Buritama;1
350840 Cabreúva;27
350900 Caieiras;3
350920 Cajamar;6
350940 Cajuru;3
350950 Campinas;860
350960 Campo Limpo Paulista;43
351070 Cardoso;1
351090 Cássia dos Coqueiros;1
351110 Catanduva;3
351130 Cedral;3
351280 Cosmópolis;3
351310 Cravinhos;15
351380 Diadema;795
351390 Divinolândia;1
351430 Dourado;1
351490 Elias Fausto;1
351610 Florínia;3
351620 Franca;1
351630 Francisco Morato;3
351640 Franco da Rocha;2
351750 Guapiaçu;13
351760 Guapiara;1
351770 Guará;1
351820 Guararapes;1
351830 Guararema;1
351860 Guariba;3
351870 Guarujá;1
351880 Guarulhos;1215
351885 Guatapará;1
351900 Herculândia;1
351905 Holambra;1
351907 Hortolândia;20
351940 Ibirá;3
351980 Icém;6
352050 Indaiatuba;2
352115 Ipiguá;4
352260 Itapira;2
352310 Itaquaquecetuba;2
352340 Itatiba;7
352390 Itu;4
352400 Itupeva;44
352430 Jaboticabal;2
352450 Jaci;2
352470 Jaguariúna;6
352510 Jardinópolis;20
352520 Jarinu;16
352530 Jaú;1
352550 Joanópolis;1
352570 José Bonifácio;2
352590 Jundiaí;1299
352730 Louveira;9
352760 Luís Antônio;1
352810 Macaubal;1
352830 Magda;1
352850 Mairiporã;2
352920 Martinópolis;1
352940 Mauá;57
352950 Mendonça;2
353030 Mirassol;19
353040 Mirassolândia;8
353060 Mogi das Cruzes;1
353130 Monte Alto;2
353140 Monte Aprazível;5
353180 Monte Mor;4
353200 Morungaba;6
353250 Neves Paulista;2
353260 Nhandeara;1
353270 Nipoã;3
353280 Nova Aliança;3
353300 Nova Granada;12
353340 Nova Odessa;1
353350 Novo Horizonte;1
353390 Olímpia;4
353400 Onda Verde;5
353420 Orindiúva;2
353440 Osasco;1
353500 Palestina;4
353650 Paulínia;10
353660 Paulo de Faria;1
353930 Pirassununga;1
353950 Pitangueiras;1
353990 Poloni;1
354020 Pontal;6
354030 Pontes Gestal;1
354060 Porto Feliz;2
354080 Potirendaba;8
354090 Pradópolis;2
354330 Ribeirão Pires;3
354340 Ribeirão Preto;591
354410 Rio Grande da Serra;1
354420 Riolândia;1
354425 Rosana;1
354515 Saltinho;1
354580 Santa Bárbara d'Oeste;1
354630 Santa Cruz das Palmeiras;1
354660 Santa Fé do Sul;1
354750 Santa Rita do Passa Quatro;1
354760 Santa Rosa de Viterbo;5
354780 Santo André;2236
354790 Santo Antônio da Alegria;2
354800 Santo Antônio de Posse;1
354850 Santos;1
354870 São Bernardo do Campo;93
354880 São Caetano do Sul;11
354890 São Carlos;2
354980 São José do Rio Preto;1147
355030 São Paulo;262
355070 São Sebastião;1
355090 São Simão;5
355100 São Vicente;2
355150 Serrana;14
355170 Sertãozinho;1
355190 Severínia;1
355220 Sorocaba;2
355240 Sumaré;11
355250 Suzano;4
355340 Tanabi;5
355410 Taubaté;1
355560 Uchoa;5
355570 União Paulista;1
355620 Valinhos;7
355650 Várzea Paulista;95
355670 Vinhedo;9
355700 Votorantim;1
355710 Votuporanga;3
410030 Agudos do Sul;1
410040 Almirante Tamandaré;48
410180 Araucária;13
410400 Campina Grande do Sul;5
410420 Campo Largo;10
410425 Campo Magro;10
410580 Colombo;60
410620 Contenda;1
410690 Curitiba;1338
410700 Curiúva;1
410765 Fazenda Rio Grande;10
410850 General Carneiro;1
410940 Guarapuava;1
411125 Itaperuçu;8
411320 Lapa;3
411430 Mandirituba;4
411570 Matinhos;4
411580 Medianeira;1
411610 Moreira Sales;1
411620 Morretes;1
411915 Pinhais;61
411950 Piraquara;33
411990 Ponta Grossa;1
411995 Pontal do Paraná;2
412080 Quatro Barras;2
412120 Quitandinha;1
412220 Rio Branco do Sul;4
412340 Santa Fé;1
412550 São José dos Pinhais;47
412560 São Mateus do Sul;2
412600 São Sebastião da Amoreira;1
412620 Sapopema;1
412760 Tijucas do Sul;2
420060 Águas Mornas;1
420120 Antônio Carlos;1
420140 Araranguá;1
420200 Balneário Camboriú;3
421280 Balneário Piçarras;1
420208 Bandeirante;1
420210 Barra Velha;1
420230 Biguaçu;10
420240 Blumenau;2
420250 Bom Jardim da Serra;1
420280 Braço do Norte;1
420320 Camboriú;1
420370 Canelinha;1
420460 Criciúma;1
420540 Florianópolis;1796
420545 Forquilhinha;1
420570 Garopaba;3
420600 Governador Celso Ramos;2
420630 Guabiruba;1
420730 Imbituba;1
420790 Irineópolis;1
420820 Itajaí;1
420845 Itapoá;1
420890 Jaraguá do Sul;2
420910 Joinville;2
420920 Lacerdópolis;1
420930 Lages;1
420940 Laguna;1
421020 Major Gercino;1
421085 Mirim Doce;1
421150 Nova Trento;1
421190 Palhoça;21
421230 Paulo Lopes;3
421290 Pinhalzinho;1
421350 Porto Belo;1
421400 Presidente Getúlio;1
421480 Rio do Sul;1
421530 Salete;1
421565 Santa Rosa do Sul;1
421570 Santo Amaro da Imperatriz;7
421660 São José;44
421740 Schroeder;1
421770 Sombrio;1
421780 Taió;1
421800 Tijucas;4
421860 Trombudo Central;1
421930 Videira;2
421935 Vitor Meireles;1
421970 Xaxim;1
430060 Alvorada;129
430063 Amaral Ferrador;1
430110 Arroio dos Ratos;2
430175 Barão do Triunfo;2
430190 Barra do Ribeiro;3
430270 Butiá;3
430310 Cachoeirinha;31
430460 Canoas;29
430463 Capão da Canoa;1
430467 Capivari do Sul;1
430510 Caxias do Sul;1
430517 Cerro Grande do Sul;2
430535 Charqueadas;4
430545 Cidreira;1
430640 Dois Irmãos;1
430676 Eldorado do Sul;8
430680 Encantado;1
430692 Engenho Velho;1
430760 Estância Velha;1
430770 Esteio;1
430905 Glorinha;1
430920 Gravataí;30
430930 Guaíba;9
431033 Imbé;2
431065 Itati;1
431162 Lindolfo Collor;1
431173 Mampituba;1
431198 Mariana Pimentel;1
431225 Minas do Leão;5
431337 Nova Santa Rita;2
431340 Novo Hamburgo;3
431365 Palmares do Sul;1
431445 Pinhal;1
431490 Porto Alegre;1449
431514 Presidente Lucena;1
431600 Rolante;1
431760 Santo Antônio da Patrulha;2
431840 São Jerônimo;1
431870 São Leopoldo;4
431950 São Sebastião do Caí;1
431990 Sapiranga;2
432000 Sapucaia do Sul;2
432055 Sertão Santana;2
432085 Tabaí;1
432110 Tapes;3
432120 Taquara;1
432150 Torres;1
432160 Tramandaí;1
432166 Três Cachoeiras;1
432200 Triunfo;2
432250 Vacaria;1
432300 Viamão;145
500020 Água Clara;1
500025 Alcinópolis;2
500100 Aparecida do Taboado;1
500110 Aquidauana;1
500150 Bandeirantes;1
500210 Bela Vista;3
500220 Bonito;1
500230 Brasilândia;1
500260 Camapuã;3
500270 Campo Grande;1871
500295 Chapadão do Sul;3
500310 Corguinho;1
500320 Corumbá;1
500325 Costa Rica;1
500330 Coxim;1
500490 Jaraguari;4
500500 Jardim;2
500540 Maracaju;1
500560 Miranda;2
500580 Nioaque;1
500600 Nova Alvorada do Sul;1
500710 Ribas do Rio Pardo;4
500730 Rio Negro;4
500740 Rio Verde de Mato Grosso;3
500750 Rochedo;7
500769 São Gabriel do Oeste;4
500790 Sidrolândia;5
500793 Sonora;1
500800 Terenos;12
510010 Acorizal;4
510025 Alta Floresta;1
510190 Brasnorte;1
510267 Campo Verde;1
510300 Chapada dos Guimarães;11
510305 Cláudia;1
510335 Confresa;2
510340 Cuiabá;587
510410 Guarantã do Norte;1
510490 Jangada;1
510510 Juara;1
510515 Juína;1
510525 Lucas do Rio Verde;1
510610 Nossa Senhora do Livramento;1
510620 Nova Brasilândia;1
510623 Nova Olímpia;1
510645 Planalto da Serra;1
510665 Pontal do Araguaia;1
510704 Primavera do Leste;1
510718 Ribeirão Cascalheira;1
510720 Rio Branco;1
510780 Santo Antônio do Leverger;10
510787 Sapezal;1
510840 Várzea Grande;47
510550 Vila Bela da Santíssima Trindade;1
520005 Abadia de Goiás;9
520025 Águas Lindas de Goiás;35
520030 Alexânia;2
520085 Americano do Brasil;1
520130 Anicuns;1
520140 Aparecida de Goiânia;72
520160 Araçu;1
520180 Aragoiânia;1
520260 Aurilândia;2
520280 Avelinópolis;1
520310 Baliza;2
520330 Bela Vista de Goiás;3
520355 Bonfinópolis;1
520390 Buriti Alegre;1
520400 Cabeceiras;2
520410 Cachoeira Alta;1
520440 Caiapônia;1
520490 Campos Belos;2
520510 Catalão;2
520520 Caturaí;3
520549 Cidade Ocidental;9
520551 Cocalzinho de Goiás;6
520570 Córrego do Ouro;1
520580 Corumbá de Goiás;1
520620 Cristalina;4
520650 Cromínia;1
520735 Edealina;1
520740 Edéia;3
520790 Flores de Goiás;4
520800 Formosa;7
520860 Goianésia;1
520870 Goiânia;861
520880 Goianira;3
520890 Goiás;54
520910 Goiatuba;1
520920 Guapó;7
520929 Guaraíta;1
520960 Heitoraí;1
520970 Hidrolândia;2
521000 Inhumas;3
521020 Iporá;1
521040 Itaberaí;5
521060 Itaguaru;1
521100 Itapirapuã;1
521140 Itauçu;1
521170 Jandaia;1
521190 Jataí;3
521250 Luziânia;16
521308 Minaçu;1
521370 Montes Claros de Goiás;1
521380 Morrinhos;4
521400 Mozarlândia;1
521450 Nerópolis;1
521460 Niquelândia;1
521483 Nova Crixás;1
521500 Nova Veneza;4
521523 Novo Gama;7
521560 Padre Bernardo;3
521565 Palestina de Goiás;2
521590 Palminópolis;1
521720 Piranhas;1
521740 Pires do Rio;3
521760 Planaltina;5
521770 Pontalina;2
521800 Porangatu;1
521900 Sanclerlândia;1
521910 Santa Bárbara de Goiás;2
521973 Santo Antônio de Goiás;3
521975 Santo Antônio do Descoberto;5
522000 São João d'Aliança;1
522010 São Luís de Montes Belos;2
522045 Senador Canedo;9
522140 Trindade;13
522150 Turvânia;1
522160 Uruaçu;1
522180 Urutaí;1
522185 Valparaíso de Goiás;8
522190 Varjão;4
522205 Vicentinópolis;1
522220 Vila Boa;1
530010 Brasília;1626
000000 Ignorado ou exterior;297
Total;60459
